<?xml version="1.0" encoding="UTF-8" ?>
<!DOCTYPE mapper PUBLIC "-//mybatis.org//DTD Mapper 3.0//EN" "http://mybatis.org/dtd/mybatis-3-mapper.dtd">
<mapper namespace="group.ACupOfJava.dao.ShopDao">

    <insert id="addCollection" parameterType="int">
        insert into collection values (#{user_id},#{shop_id})
    </insert>
    <insert id="addLikes">
        insert into appointment values (#{user_id},#{shop_id})
    </insert>
    <update id="updateStars" parameterType="int">
        update shop set stars = #{newStars} where shop_id = #{shop_id}
    </update>
    <update id="updateLikes">
        update shop set likes= #{newLikes} where shop_id = #{shop_id}
    </update>

    <select id="shopDetail" resultType="group.ACupOfJava.pojo.Shop" parameterType="int">
        select * from shop where shop_id = #{shop_id}

    </select>

    <select id="hotList" resultType="group.ACupOfJava.pojo.Shop">
        select * from shop order by stars desc
    </select>

    <select id="talkList" resultType="group.ACupOfJava.pojo.Shop" parameterType="list">
        select * from shop where shop_id in
        <foreach collection="list" open="(" close=")" separator="," item="sid">
            #{sid}
        </foreach>
    </select>

    <select id="recentList" resultType="group.ACupOfJava.pojo.Shop" parameterType="int">
        SELECT distinct shop.* from user,shop,appointment where user.user_id = appointment.user_id and shop.shop_id = appointment.shop_id and user.user_id = #{id}
    </select>


    <select id="bannerImages" resultType="group.ACupOfJava.pojo.ImageBox" parameterType="int">
        select * from imagebox where shop_id = #{shop_id};
    </select>
    <select id="findbannerImagesById" resultType="group.ACupOfJava.pojo.ImageBox" parameterType="int">
        select * from imagebox where shop_id = #{shop_id};
    </select>
    <select id="selectCity" resultType="group.ACupOfJava.pojo.Shop" parameterType="string">
        select * from shop where location like concat('%',#{location},'%')
    </select>
    <select id="activityShop" resultType="group.ACupOfJava.pojo.Shop">
        SELECT shop.* from shop,shop_activity where shop.shop_id = shop_activity.shop_id
    </select>

</mapper>